{"initial_reset_timestamp": 1518326203.498066, "timestamps": [1518326204.632724, 1518326205.39846, 1518326205.70466, 1518326205.743428, 1518326205.813963, 1518326205.898983, 1518326205.938438, 1518326205.9603992, 1518326206.4518678, 1518326206.5903082, 1518326206.624019, 1518326206.655745, 1518326206.678051, 1518326206.71172, 1518326206.7377632, 1518326206.767325, 1518326206.7935302, 1518326206.843541, 1518326206.8639731, 1518326206.89363, 1518326206.916575, 1518326206.953254, 1518326206.974766, 1518326207.019729, 1518326207.043639, 1518326207.0767648, 1518326207.098739, 1518326207.33428, 1518326207.4444768, 1518326207.472233, 1518326207.4943008, 1518326207.517128, 1518326207.541656, 1518326207.564234, 1518326207.592565, 1518326207.613955, 1518326207.639998, 1518326207.661603, 1518326207.7018082, 1518326207.734188, 1518326207.7647629, 1518326207.793924, 1518326207.8270662, 1518326207.852716, 1518326207.877889, 1518326207.918886, 1518326207.948271, 1518326207.9753852, 1518326208.00335, 1518326208.031208, 1518326208.06027, 1518326208.094751, 1518326208.121223, 1518326208.1466281, 1518326208.168441, 1518326208.194607, 1518326208.228169, 1518326208.261214, 1518326208.2871292, 1518326208.310583, 1518326208.340842, 1518326208.3726568, 1518326208.3952699, 1518326208.423798, 1518326208.649778, 1518326208.771043, 1518326208.800135, 1518326208.8288262, 1518326208.863945, 1518326208.900983, 1518326208.9333482, 1518326208.9684322, 1518326209.00777, 1518326209.061238, 1518326209.128553, 1518326209.1955268, 1518326209.271183, 1518326209.3685062, 1518326209.4377651, 1518326209.515979, 1518326209.549582, 1518326209.582146, 1518326209.6091032, 1518326209.638454, 1518326209.697403, 1518326209.7539048, 1518326209.7950091, 1518326209.884026, 1518326209.92769, 1518326209.960866, 1518326209.986389, 1518326210.179295, 1518326210.316949, 1518326210.4993548, 1518326210.729843, 1518326210.845247, 1518326210.90784, 1518326210.9582899, 1518326211.013748, 1518326211.099945, 1518326211.159499, 1518326211.205815, 1518326211.2681868, 1518326211.341104, 1518326211.395839, 1518326211.457974, 1518326211.522238, 1518326211.6134882, 1518326211.674505, 1518326211.7233589, 1518326211.798083, 1518326211.856965, 1518326211.905195, 1518326211.957091, 1518326212.012207, 1518326212.06781, 1518326212.120545, 1518326212.161569, 1518326212.19744, 1518326212.233531, 1518326212.268391, 1518326212.310978, 1518326212.3633, 1518326212.415243, 1518326212.463829, 1518326212.8357902, 1518326213.0334542, 1518326213.0976331, 1518326213.1553369, 1518326213.2258291, 1518326213.305762, 1518326213.3711438, 1518326213.4515252, 1518326213.52838, 1518326213.589222, 1518326213.658459, 1518326213.7487931, 1518326213.8047261, 1518326213.857495, 1518326213.9251971, 1518326213.998409, 1518326214.1292968, 1518326214.2045069, 1518326214.3178291, 1518326214.408292, 1518326214.474634, 1518326214.5479732, 1518326214.624047, 1518326214.7284951, 1518326214.8068821, 1518326214.895235, 1518326215.0802822, 1518326215.1758022, 1518326215.2923121, 1518326215.470473, 1518326215.542795, 1518326215.620157, 1518326215.706829, 1518326215.95909, 1518326216.086198, 1518326216.16469, 1518326216.325293, 1518326216.443679, 1518326216.573789, 1518326216.653756, 1518326216.819687, 1518326217.163733, 1518326217.32148, 1518326217.6512918, 1518326217.930453, 1518326218.149411, 1518326218.601783, 1518326218.963531, 1518326219.3412411, 1518326219.777323, 1518326220.1091058, 1518326220.263777, 1518326220.604909, 1518326220.968066, 1518326221.2149749, 1518326221.665164, 1518326221.90691, 1518326222.356744, 1518326222.703234, 1518326223.132992, 1518326223.686958, 1518326224.105182, 1518326224.55857, 1518326225.0117152, 1518326225.499521, 1518326226.010998, 1518326226.463524, 1518326226.922945, 1518326227.3690019, 1518326227.811096, 1518326228.179174, 1518326228.6420531, 1518326229.103404, 1518326229.580645, 1518326230.035464, 1518326230.515127, 1518326230.982409, 1518326231.44928, 1518326231.922359, 1518326232.3889961, 1518326232.879185, 1518326233.357748, 1518326233.877564, 1518326234.428033, 1518326234.978065, 1518326235.471349, 1518326235.939806, 1518326236.395031, 1518326236.857069, 1518326237.364934, 1518326237.8402119, 1518326241.0670269, 1518326241.675863, 1518326242.172491, 1518326242.667596, 1518326243.135252, 1518326243.6013088, 1518326244.0853, 1518326244.579753, 1518326245.070952, 1518326245.5584261, 1518326246.031136, 1518326246.494261, 1518326246.954287, 1518326247.4331, 1518326247.956147, 1518326248.443897, 1518326248.9219909, 1518326249.401665, 1518326249.941994, 1518326250.453671, 1518326251.004777, 1518326251.476022, 1518326251.996236, 1518326252.495479, 1518326253.015438, 1518326253.525941, 1518326254.009422, 1518326254.503734, 1518326254.9757812, 1518326255.460751, 1518326255.9563699, 1518326256.432116, 1518326256.8803809, 1518326257.368923, 1518326257.826537, 1518326258.289814, 1518326258.753314, 1518326259.213653, 1518326259.6708, 1518326260.172003, 1518326260.689045, 1518326261.1868658, 1518326261.663316, 1518326262.286866, 1518326262.815823, 1518326263.282519, 1518326263.786227, 1518326264.281019, 1518326264.7719061, 1518326265.279902, 1518326265.7855492, 1518326266.325753, 1518326266.7846951, 1518326267.2818182, 1518326267.75355, 1518326268.2133381, 1518326268.711008, 1518326269.176749, 1518326269.638144, 1518326270.139574, 1518326270.6179378, 1518326271.077779, 1518326271.5579689, 1518326272.022058, 1518326272.4914298, 1518326272.9957252, 1518326273.481131, 1518326274.007033], "episode_lengths": [15, 36, 39, 17, 33, 37, 17, 10, 25, 14, 14, 12, 10, 13, 10, 12, 11, 22, 9, 13, 11, 16, 9, 21, 11, 14, 10, 10, 13, 12, 10, 10, 9, 9, 10, 9, 9, 8, 13, 11, 11, 11, 12, 11, 10, 17, 12, 10, 11, 11, 10, 15, 11, 10, 9, 11, 13, 14, 11, 10, 11, 13, 10, 11, 9, 13, 13, 11, 15, 16, 13, 15, 17, 20, 25, 24, 29, 41, 25, 29, 12, 11, 10, 10, 24, 20, 16, 30, 13, 10, 10, 84, 62, 81, 105, 52, 27, 17, 22, 33, 21, 16, 24, 27, 21, 23, 25, 37, 23, 20, 28, 22, 19, 17, 20, 20, 21, 15, 13, 14, 13, 16, 20, 16, 17, 18, 23, 28, 24, 30, 35, 25, 25, 25, 20, 25, 39, 24, 17, 26, 28, 55, 32, 41, 35, 29, 31, 30, 46, 31, 35, 76, 37, 47, 78, 30, 34, 36, 104, 57, 34, 71, 53, 59, 35, 75, 153, 69, 148, 117, 89, 200, 148, 147, 172, 119, 63, 151, 112, 104, 200, 109, 200, 149, 184, 200, 175, 200, 200, 200, 200, 199, 200, 200, 200, 165, 200, 200, 200, 200, 200, 200, 200, 200, 200, 200, 200, 200, 200, 200, 200, 200, 200, 200, 200, 200, 200, 200, 200, 200, 200, 200, 200, 200, 200, 200, 200, 200, 200, 200, 200, 200, 200, 200, 200, 200, 200, 200, 200, 200, 200, 200, 200, 200, 200, 200, 200, 200, 200, 200, 200, 200, 200, 200, 200, 200, 200, 200, 200, 200, 200, 200, 200, 200, 200, 200, 200, 200, 200, 200, 200, 200, 200, 200, 200, 200, 200, 200, 200, 200, 200, 200, 200, 200],