{"initial_reset_timestamp": 1518326287.365651, "timestamps": [1518326288.906623, 1518326289.328542, 1518326289.432209, 1518326289.4474812, 1518326289.459039, 1518326289.474813, 1518326289.492678, 1518326289.507037, 1518326289.825654, 1518326289.941947, 1518326289.955412, 1518326289.963688, 1518326289.976676, 1518326289.988349, 1518326290.011298, 1518326290.041555, 1518326290.0763788, 1518326290.096044, 1518326290.109231, 1518326290.1336691, 1518326290.185411, 1518326290.1965299, 1518326290.2261271, 1518326290.23963, 1518326290.25383, 1518326290.281387, 1518326290.302954, 1518326290.756814, 1518326290.881718, 1518326290.890506, 1518326290.914667, 1518326290.927713, 1518326290.95079, 1518326291.015386, 1518326291.04126, 1518326291.0525818, 1518326291.0704908, 1518326291.0817761, 1518326291.107771, 1518326291.1169128, 1518326291.1436028, 1518326291.1533911, 1518326291.180525, 1518326291.1963992, 1518326291.246489, 1518326291.301667, 1518326291.329099, 1518326291.3659341, 1518326291.418273, 1518326291.467144, 1518326291.50574, 1518326291.577634, 1518326291.587666, 1518326291.642197, 1518326291.668548, 1518326291.7278981, 1518326291.757151, 1518326291.82021, 1518326291.888536, 1518326291.903167, 1518326291.91804, 1518326292.015021, 1518326292.1028259, 1518326292.1442711, 1518326294.8924549, 1518326295.045818, 1518326295.13022, 1518326295.173234, 1518326295.225434, 1518326295.3122702, 1518326295.39686, 1518326295.47746, 1518326295.5594292, 1518326295.640194, 1518326295.723659, 1518326295.76973, 1518326295.8434792, 1518326295.9361, 1518326296.0217721, 1518326296.1163352, 1518326296.2114391, 1518326296.299123, 1518326296.389819, 1518326296.4936051, 1518326296.601908, 1518326296.6923468, 1518326296.770448, 1518326296.85698, 1518326296.9178119, 1518326296.935034, 1518326297.021285, 1518326297.1164632, 1518326297.208642, 1518326297.264251, 1518326297.3496032, 1518326297.40505, 1518326297.478875, 1518326297.567704, 1518326297.6526809, 1518326297.744659, 1518326297.831983, 1518326297.926049, 1518326298.002781, 1518326298.073206, 1518326298.159369, 1518326298.206963, 1518326298.30351, 1518326298.3862898, 1518326298.471016, 1518326298.563489, 1518326298.6498592, 1518326298.73239, 1518326298.818322, 1518326298.904135, 1518326298.99023, 1518326299.077, 1518326299.159583, 1518326299.249932, 1518326299.339895, 1518326299.428859, 1518326299.519447, 1518326299.6029172, 1518326299.697543, 1518326299.7920709, 1518326299.880623, 1518326302.7546408, 1518326302.975137, 1518326303.0614772, 1518326303.148997, 1518326303.237802, 1518326303.323246, 1518326303.4183009, 1518326303.509564, 1518326303.590241, 1518326303.673331, 1518326303.759712, 1518326303.846097, 1518326303.9462469, 1518326304.039733, 1518326304.1282718, 1518326304.216097, 1518326304.300391, 1518326304.385828, 1518326304.47073, 1518326304.553418, 1518326304.636298, 1518326304.7216482, 1518326304.803638, 1518326304.890518, 1518326304.97327, 1518326305.056994, 1518326305.1387641, 1518326305.222721, 1518326305.303627, 1518326305.384725, 1518326305.464579, 1518326305.5478709, 1518326305.6350331, 1518326305.717907, 1518326305.802807, 1518326305.887109, 1518326305.972447, 1518326306.0590699, 1518326306.1537569, 1518326306.2496011, 1518326306.338086, 1518326306.42676, 1518326306.517813, 1518326306.600317, 1518326306.6842182, 1518326306.765287, 1518326306.848832, 1518326306.937968, 1518326307.0198882, 1518326307.108214, 1518326307.197539, 1518326307.282743, 1518326307.36424, 1518326307.407135, 1518326307.4925041, 1518326307.585237, 1518326307.6764889, 1518326307.770942, 1518326307.840845, 1518326307.921108, 1518326308.005842, 1518326308.0882618, 1518326308.161679, 1518326308.235626, 1518326308.294107, 1518326308.368991, 1518326308.4327931, 1518326308.489761, 1518326308.543647, 1518326308.593668, 1518326308.6414158, 1518326308.700096, 1518326308.744394, 1518326308.793976, 1518326308.830101, 1518326308.867786, 1518326308.900596, 1518326308.939061, 1518326308.988984, 1518326309.028369, 1518326309.071223, 1518326309.132117, 1518326309.17254, 1518326309.225413, 1518326309.2674282, 1518326309.324814, 1518326309.410333, 1518326309.469096, 1518326309.5267992, 1518326309.586688, 1518326309.6364632, 1518326311.016476, 1518326311.174487, 1518326311.2134342, 1518326311.285334, 1518326311.322774, 1518326311.38946, 1518326311.4277499, 1518326311.4688342, 1518326311.532097, 1518326311.5721018, 1518326311.6083782, 1518326311.656737, 1518326311.697668, 1518326311.744131, 1518326311.8146172, 1518326311.8627741, 1518326311.901258, 1518326311.9363751, 1518326311.999976, 1518326312.070111, 1518326312.109588, 1518326312.174489, 1518326312.227743, 1518326312.263627, 1518326312.306321, 1518326312.3868659, 1518326312.436329, 1518326312.4930182, 1518326312.532038, 1518326312.5645251, 1518326312.6321652, 1518326312.675755, 1518326312.724019, 1518326312.77324, 1518326312.817864, 1518326312.8547761, 1518326312.888782, 1518326312.92874, 1518326312.971554, 1518326313.010823, 1518326313.064381, 1518326313.149675, 1518326313.1887639, 1518326313.2281191, 1518326313.270335, 1518326313.311193, 1518326313.382528, 1518326313.4186041, 1518326313.463369, 1518326313.5437188, 1518326313.5946891, 1518326313.637635, 1518326313.685753, 1518326313.768338, 1518326313.8225842, 1518326313.871416, 1518326313.931457, 1518326313.971723, 1518326314.019386, 1518326314.075538, 1518326314.156717, 1518326314.201426, 1518326314.245269, 1518326314.296139, 1518326314.381415, 1518326314.4371462, 1518326314.469883, 1518326314.528259, 1518326314.5904891, 1518326314.6396532, 1518326314.689815, 1518326314.7639859, 1518326314.8137732, 1518326314.8673542, 1518326314.952397, 1518326315.0370739, 1518326315.116221, 1518326315.2181509, 1518326315.298199, 1518326315.381585, 1518326315.4747488, 1518326315.600074, 1518326315.745683, 1518326315.859169, 1518326315.961445, 1518326316.062339, 1518326316.195733, 1518326316.333348, 1518326316.426105, 1518326316.50144, 1518326316.596215, 1518326316.685449, 1518326316.7743812, 1518326316.8673658, 1518326316.975498, 1518326317.059359, 1518326317.15011, 1518326317.2377348, 1518326317.2971551, 1518326317.375516, 1518326317.461786, 1518326317.529471, 1518326317.592142, 1518326317.660046, 1518326317.7370281, 1518326317.812978, 1518326317.8810098, 1518326317.935519, 1518326318.019993, 1518326318.080471, 1518326318.131437, 1518326318.214354, 1518326318.278025, 1518326318.35042, 1518326318.406382, 1518326318.467206, 1518326318.519966, 1518326318.582925, 1518326318.6394298, 1518326318.718625, 1518326318.8351119, 1518326318.9201422, 1518326318.9742038, 1518326319.04803, 1518326319.1389859, 1518326319.218388, 1518326319.3045871, 1518326321.4289138, 1518326321.609844, 1518326321.711083, 1518326321.801127, 1518326321.899821, 1518326321.971761, 1518326322.059971, 1518326322.145279, 1518326322.2208261, 1518326322.302377, 1518326322.3859258, 1518326322.463768, 1518326322.541557, 1518326322.644083, 1518326322.727242, 1518326322.805158, 1518326322.887816, 1518326322.971999, 1518326323.057384, 1518326323.13374, 1518326323.184021, 1518326323.2596679, 1518326323.355371, 1518326323.410796, 1518326323.493779, 1518326323.58154, 1518326323.634017, 1518326323.70173, 1518326323.780015, 1518326323.8536372, 1518326323.9346051, 1518326323.971304, 1518326324.006772, 1518326324.067796, 1518326324.117315, 1518326324.1854138, 1518326324.2471051, 1518326324.291376, 1518326324.3554711, 1518326324.443083, 1518326324.514601, 1518326324.597645, 1518326324.683441, 1518326324.720465, 1518326324.787841, 1518326324.87006, 1518326324.9116318, 1518326324.998077, 1518326325.0540748, 1518326325.1089401, 1518326325.1850529, 1518326325.224007, 1518326325.273802, 1518326325.324051, 1518326325.38677, 1518326325.447598, 1518326325.501045, 1518326325.572743, 1518326325.611328, 1518326325.649208, 1518326325.690073, 1518326325.7515688, 1518326325.829962, 1518326325.9110851, 1518326325.959394, 1518326326.001923, 1518326326.051157, 1518326326.103945, 1518326326.1696792, 1518326326.2356322, 