{"initial_reset_timestamp": 1518233450.7178822, "timestamps": [1518233451.9256, 1518233452.332546, 1518233452.429708, 1518233452.43271], "episode_lengths": [13, 14, 13, 13], "episode_rewards": [13.0, 14.0, 13.0, 13.0], "episode_types": ["t", "t", "t", "t", "t"]}